Unnamed: 0_level_0,Unnamed: 1_level_0,Unnamed: 2_level_0,Unnamed: 3_level_0,Unnamed: 4_level_0,Totals,Totals,Totals,Totals,Totals,Totals,Totals,Totals,Totals,Totals,Totals,Totals,Totals,Totals,Totals,Totals,Shooting,Shooting,Shooting,Per Game,Per Game,Per Game,Per Game,Per Game,Per Game
Rk,Player,Debut,Age,Yrs,G,MP,FG,FGA,3P,3PA,FT,FTA,ORB,TRB,AST,STL,BLK,TOV,PF,PTS,FG%,3P%,FT%,MP,PTS,TRB,AST,STL,BLK
1,Santi Aldama,"Oct 27, '21, MEM @ POR",21,5,250,5704,933,2032,346,1010,268,392,308,1328,481,162,150,235,366,2480,.459,.343,.684,22.8,9.9,5.3,1.9,0.6,0.6
2,Jose Alvarado,"Nov 3, '21, NOP @ SAC",23,5,240,4796,712,1730,324,924,207,272,111,536,746,284,46,261,399,1955,.412,.351,.761,20.0,8.1,2.2,3.1,1.2,0.2
3,Joel Ayayi,"Oct 25, '21, WAS @ BRK",21,1,7,20,1,6,0,1,0,0,1,3,4,0,0,0,0,2,.167,.000,,2.9,0.3,0.4,0.6,0.0,0.0
4,Dalano Banton,"Oct 20, '21, TOR vs. WAS",22,4,216,3142,538,1339,159,523,228,313,120,482,422,117,77,234,224,1463,.402,.304,.728,14.5,6.8,2.2,2.0,0.5,0.4
5,Cat Barber,"Dec 25, '21, ATL @ NYK",27,1,3,13,0,4,0,0,0,4,1,3,3,0,0,1,1,0,.000,,.000,4.3,0.0,1.0,1.0,0.0,0.0
6,Scottie Barnes,"Oct 20, '21, TOR vs. WAS",20,5,290,9978,1949,4164,319,1045,811,1062,651,2173,1442,351,292,666,640,5028,.468,.305,.764,34.4,17.3,7.5,5.0,1.2,1.0
7,Paris Bass,"Jan 2, '22, PHO @ CHO",26,1,2,7,2,6,0,2,2,2,2,4,0,1,0,2,2,6,.333,.000,1.000,3.5,3.0,2.0,0.0,0.5,0.0
8,Charles Bassey,"Oct 20, '21, PHI @ NOP",21,5,115,1288,217,347,3,13,58,91,183,498,95,44,98,88,192,495,.625,.231,.637,11.2,4.3,4.3,0.8,0.4,0.9
9,Leandro Bolmaro,"Oct 20, '21, MIN vs. HOU",21,2,49,309,20,74,5,22,11,13,20,50,28,9,1,20,36,56,.270,.227,.846,6.3,1.1,1.0,0.6,0.2,0.0
10,Brandon Boston Jr.,"Oct 25, '21, LAC vs. POR",20,4,147,2346,407,989,109,332,178,228,71,327,176,99,30,119,177,1101,.412,.328,.781,16.0,7.5,2.2,1.2,0.7,0.2
11,James Bouknight,"Oct 22, '21, CHO @ CLE",21,3,79,900,136,375,63,188,48,63,31,133,73,22,7,49,81,383,.363,.335,.762,11.4,4.8,1.7,0.9,0.3,0.1
12,Chaundee Brown Jr.,"Dec 17, '21, LAL @ MIN",23,1,5,104,10,32,6,18,5,6,1,16,4,2,0,1,7,31,.313,.333,.833,20.8,6.2,3.2,0.8,0.4,0.0
13,Greg Brown III,"Oct 23, '21, POR vs. PHO",20,3,70,773,97,229,21,71,53,86,43,163,42,30,33,46,108,268,.424,.296,.616,11.0,3.8,2.3,0.6,0.4,0.5
14,Shaq Buchanan,"Dec 26, '21, MEM @ SAC",25,1,2,10,1,4,0,2,0,0,1,2,2,1,0,2,1,2,.250,.000,,5.0,1.0,1.0,1.0,0.5,0.0
15,Jared Butler,"Oct 20, '21, UTA vs. OKC",21,4,148,2047,377,837,119,349,117,143,40,217,417,93,29,168,207,990,.450,.341,.818,13.8,6.7,1.5,2.8,0.6,0.2
16,Ahmad Caver,"Jan 5, '22, IND vs. BRK",25,1,1,1,1,1,0,0,0,0,0,0,0,0,0,0,0,2,1.000,,,1.0,2.0,0.0,0.0,0.0,0.0
17,Justin Champagnie,"Oct 22, '21, TOR @ BOS",20,5,130,1991,286,596,100,281,85,114,188,518,98,88,52,74,170,757,.480,.356,.746,15.3,5.8,4.0,0.8,0.7,0.4
18,Josh Christopher,"Oct 20, '21, HOU @ MIN",20,3,152,2189,388,860,79,289,132,179,72,266,231,103,31,180,158,987,.451,.273,.737,14.4,6.5,1.8,1.5,0.7,0.2
19,Sharife Cooper,"Oct 21, '21, ATL vs. DAL",20,2,15,43,3,14,1,6,0,0,0,5,5,0,0,6,1,7,.214,.167,,2.9,0.5,0.3,0.3,0.0,0.0
20,Petr Cornelie,"Oct 25, '21, DEN vs. CLE",26,1,13,38,5,15,1,8,3,4,7,14,3,1,1,4,7,14,.333,.125,.750,2.9,1.1,1.1,0.2,0.1,0.1
,,,,,Totals,Totals,Totals,Totals,Totals,Totals,Totals,Totals,Totals,Totals,Totals,Totals,Totals,Totals,Totals,Totals,Shooting,Shooting,Shooting,Per Game,Per Game,Per Game,Per Game,Per Game,Per Game
Rk,Player,Debut,Age,Yrs,G,MP,FG,FGA,3P,3PA,FT,FTA,ORB,TRB,AST,STL,BLK,TOV,PF,PTS,FG%,3P%,FT%,MP,PTS,TRB,AST,STL,BLK
21,Jarron Cumberland,"Dec 27, '21, POR vs. DAL",24,1,3,12,1,2,0,1,0,0,1,3,1,0,0,0,2,2,.500,.000,,4.0,0.7,1.0,0.3,0.0,0.0
22,Cade Cunningham,"Oct 30, '21, DET vs. ORL",20,5,220,7455,1846,4145,421,1257,802,945,171,1186,1649,232,134,837,627,4915,.445,.335,.849,33.9,22.3,5.4,7.5,1.1,0.6
23,Javin DeLaurier,"Jan 1, '22, MIL vs. NOP",23,1,1,3,0,0,0,0,0,0,0,1,0,1,0,0,1,0,,,,3.0,0.0,1.0,0.0,1.0,0.0
24,Ayo Dosunmu,"Oct 20, '21, CHI @ DET",22,5,290,8094,1202,2385,330,902,295,376,155,838,949,240,110,393,654,3029,.504,.366,.785,27.9,10.4,2.9,3.3,0.8,0.4
25,Jeff Dowtin Jr.,"Nov 3, '21, GSW vs. CHO",24,4,87,1130,165,349,43,114,44,60,29,121,146,45,17,30,48,417,.473,.377,.733,13.0,4.8,1.4,1.7,0.5,0.2
26,Chris Duarte,"Oct 20, '21, IND @ CHO",24,4,177,3231,483,1190,199,571,183,225,91,467,231,109,27,158,247,1348,.406,.349,.813,18.3,7.6,2.6,1.3,0.6,0.2
27,David Duke Jr.,"Dec 8, '21, BRK @ HOU",22,4,55,654,91,218,16,61,33,43,44,111,47,27,8,32,72,231,.417,.262,.767,11.9,4.2,2.0,0.9,0.5,0.1
28,Jaime Echenique,"Dec 30, '21, WAS vs. CLE",24,1,1,3,0,0,0,0,0,0,0,0,0,0,0,0,0,0,,,,3.0,0.0,0.0,0.0,0.0,0.0
29,Kessler Edwards,"Nov 16, '21, BRK vs. GSW",21,4,178,2255,247,577,107,297,44,56,98,390,111,72,54,75,213,645,.428,.360,.786,12.7,3.6,2.2,0.6,0.4,0.3
30,Rob Edwards,"Dec 29, '21, OKC @ PHO",25,1,2,11,1,4,1,4,0,0,0,3,0,0,0,1,0,3,.250,.250,,5.5,1.5,1.5,0.0,0.0,0.0
31,Aleem Ford,"Dec 17, '21, ORL vs. MIA",24,1,5,74,6,20,2,15,0,0,2,15,2,1,0,4,7,14,.300,.133,,14.8,2.8,3.0,0.4,0.2,0.0
32,Marcus Garrett,"Oct 21, '21, MIA vs. MIL",23,2,16,207,16,48,4,12,5,9,10,29,20,8,5,8,26,41,.333,.333,.556,12.9,2.6,1.8,1.3,0.5,0.3
33,Usman Garuba,"Oct 20, '21, HOU @ MIN",19,3,105,1227,106,227,29,80,35,56,144,397,82,55,43,55,165,276,.467,.363,.625,11.7,2.6,3.8,0.8,0.5,0.4
34,Luka Garza,"Oct 23, '21, DET @ CHI",23,5,138,1178,253,505,57,177,141,199,175,307,64,27,18,56,195,704,.501,.322,.709,8.5,5.1,2.2,0.5,0.2,0.1
35,Josh Giddey,"Oct 20, '21, OKC @ UTA",19,5,291,8574,1679,3615,336,1016,488,640,502,2213,1806,254,145,791,486,4182,.464,.331,.763,29.5,14.4,7.6,6.2,0.9,0.5
36,Jordan Goodwin,"Dec 28, '21, WAS @ MIA",23,5,162,2915,393,955,121,366,112,147,202,616,388,152,57,152,235,1019,.412,.331,.762,18.0,6.3,3.8,2.4,0.9,0.4
37,Hassani Gravett,"Dec 17, '21, ORL vs. MIA",25,1,8,171,18,38,11,26,3,4,1,21,20,5,1,9,13,50,.474,.423,.750,21.4,6.3,2.6,2.5,0.6,0.1
38,Jalen Green,"Oct 20, '21, HOU @ MIN",19,5,309,10068,2154,5105,785,2292,1111,1392,164,1314,1034,242,91,731,478,6204,.422,.342,.798,32.6,20.1,4.3,3.3,0.8,0.3
39,Quentin Grimes,"Oct 20, '21, NYK vs. BOS",21,5,256,6351,952,2133,504,1337,335,434,152,797,544,199,74,304,494,2743,.446,.377,.772,24.8,10.7,3.1,2.1,0.8,0.3
40,Tyler Hall,"Dec 25, '21, NYK vs. ATL",24,1,1,2,0,0,0,0,0,0,0,0,0,0,0,0,0,0,,,,2.0,0.0,0.0,0.0,0.0,0.0
,,,,,Totals,Totals,Totals,Totals,Totals,Totals,Totals,Totals,Totals,Totals,Totals,Totals,Totals,Totals,Totals,Totals,Shooting,Shooting,Shooting,Per Game,Per Game,Per Game,Per Game,Per Game,Per Game
Rk,Player,Debut,Age,Yrs,G,MP,FG,FGA,3P,3PA,FT,FTA,ORB,TRB,AST,STL,BLK,TOV,PF,PTS,FG%,3P%,FT%,MP,PTS,TRB,AST,STL,BLK
41,Sam Hauser,"Nov 20, '21, BOS vs. OKC",24,5,271,5053,699,1581,552,1333,43,51,140,785,248,120,65,97,306,1993,.442,.414,.843,18.6,7.4,2.9,0.9,0.4,0.2
42,Aaron Henry,"Oct 20, '21, PHI @ NOP",22,1,6,17,1,5,0,1,0,0,0,1,0,0,2,2,2,2,.200,.000,,2.8,0.3,0.2,0.0,0.0,0.3
43,Malcolm Hill,"Dec 25, '21, ATL @ NYK",26,2,24,221,26,56,14,39,11,14,11,38,8,7,3,3,25,77,.464,.359,.786,9.2,3.2,1.6,0.3,0.3,0.1
44,Jay Huff,"Nov 6, '21, LAL @ POR",23,5,109,1114,208,420,103,272,70,87,53,205,61,23,89,49,131,589,.495,.379,.805,10.2,5.4,1.9,0.6,0.2,0.8
45,Feron Hunt,"Apr 8, '22, NYK @ WAS",22,1,2,8,0,2,0,0,0,0,1,1,1,1,0,1,1,0,.000,,,4.0,0.0,0.5,0.5,0.5,0.0
46,Bones Hyland,"Oct 25, '21, DEN vs. CLE",21,5,198,3282,621,1548,332,913,237,280,45,415,504,130,43,245,342,1811,.401,.364,.846,16.6,9.1,2.1,2.5,0.7,0.2
47,Isaiah Jackson,"Oct 23, '21, IND vs. MIA",20,5,177,2706,511,861,7,34,262,384,317,786,131,103,219,151,443,1291,.593,.206,.682,15.3,7.3,4.4,0.7,0.6,1.2
48,DeJon Jarreau,"Oct 29, '21, IND @ BRK",24,2,10,151,17,50,4,13,5,11,8,44,26,6,2,9,14,43,.340,.308,.455,15.1,4.3,4.4,2.6,0.6,0.2
49,David Johnson,"Oct 27, '21, TOR vs. IND",20,1,2,2,0,1,0,1,0,0,0,0,0,0,0,0,0,0,.000,.000,,1.0,0.0,0.0,0.0,0.0,0.0
50,Jalen Johnson,"Oct 21, '21, ATL vs. DAL",20,5,197,4769,919,1797,164,500,307,421,204,1278,555,188,123,297,350,2309,.511,.328,.729,24.2,11.7,6.5,2.8,1.0,0.6
51,Keon Johnson,"Nov 7, '21, LAC vs. CHO",19,4,161,3099,474,1250,192,592,186,243,101,429,313,132,49,210,326,1326,.379,.324,.765,19.2,8.2,2.7,1.9,0.8,0.3
52,Carlik Jones,"Dec 23, '21, DAL vs. MIL",24,2,12,79,7,24,3,7,7,10,2,8,11,3,0,5,2,24,.292,.429,.700,6.6,2.0,0.7,0.9,0.3,0.0
53,Herbert Jones,"Oct 20, '21, NOP vs. PHI",23,5,254,7678,926,1960,272,743,445,543,303,964,625,394,176,341,784,2569,.472,.366,.820,30.2,10.1,3.8,2.5,1.6,0.7
54,Kai Jones,"Oct 22, '21, CHO @ CLE",21,3,107,1081,163,243,6,26,45,66,80,259,44,33,55,55,123,377,.671,.231,.682,10.1,3.5,2.4,0.4,0.3,0.5
55,Georgios Kalaitzakis,"Oct 19, '21, MIL vs. BRK",23,1,13,214,31,67,10,26,14,30,6,21,12,11,2,20,19,86,.463,.385,.467,16.5,6.6,1.6,0.9,0.8,0.2
56,Braxton Key,"Jan 7, '22, PHI vs. SAS",24,4,37,277,41,94,8,27,18,29,17,71,20,14,12,13,31,108,.436,.296,.621,7.5,2.9,1.9,0.5,0.4,0.3
57,Corey Kispert,"Oct 22, '21, WAS vs. IND",22,5,305,7810,1202,2530,597,1561,332,414,156,852,452,137,63,276,446,3333,.475,.382,.802,25.6,10.9,2.8,1.5,0.4,0.2
58,Vit Krejci,"Oct 20, '21, OKC @ UTA",21,5,149,2796,321,681,184,455,64,85,60,362,291,78,44,112,263,890,.471,.404,.753,18.8,6.0,2.4,2.0,0.5,0.3
59,Arnoldas Kulboka,"Dec 10, '21, CHO vs. SAC",24,1,2,5,0,1,0,1,0,0,0,0,0,0,0,0,1,0,.000,.000,,2.5,0.0,0.0,0.0,0.0,0.0
60,Jonathan Kuminga,"Oct 30, '21, GSW vs. OKC",19,5,271,6032,1276,2523,215,648,637,910,293,1123,493,170,114,397,587,3404,.506,.332,.700,22.3,12.6,4.1,1.8,0.6,0.4
,,,,,Totals,Totals,Totals,Totals,Totals,Totals,Totals,Totals,Totals,Totals,Totals,Totals,Totals,Totals,Totals,Totals,Shooting,Shooting,Shooting,Per Game,Per Game,Per Game,Per Game,Per Game,Per Game
Rk,Player,Debut,Age,Yrs,G,MP,FG,FGA,3P,3PA,FT,FTA,ORB,TRB,AST,STL,BLK,TOV,PF,PTS,FG%,3P%,FT%,MP,PTS,TRB,AST,STL,BLK
61,Jock Landale,"Oct 20, '21, SAS vs. ORL",26,5,236,3191,524,1011,87,276,208,277,361,810,241,69,94,160,347,1343,.518,.315,.751,13.5,5.7,3.4,1.0,0.3,0.4
62,Scottie Lewis,"Dec 13, '21, CHO @ DAL",21,1,2,7,0,0,0,0,1,2,0,0,1,1,0,0,0,1,,,.500,3.5,0.5,0.0,0.5,0.5,0.0
63,Isaiah Livers,"Dec 16, '21, DET @ IND",23,4,103,2155,209,513,129,361,61,77,62,264,91,56,43,62,192,608,.407,.357,.792,20.9,5.9,2.6,0.9,0.5,0.4
64,Gabriel Lundberg,"Apr 3, '22, PHO @ OKC",27,1,4,44,5,19,3,8,0,0,2,7,11,3,0,3,7,13,.263,.375,,11.0,3.3,1.8,2.8,0.8,0.0
65,Sandro Mamukelashvili,"Oct 19, '21, MIL vs. BRK",22,5,204,2431,412,857,145,407,145,196,225,648,205,58,56,107,198,1114,.481,.356,.740,11.9,5.5,3.2,1.0,0.3,0.3
66,Tre Mann,"Oct 20, '21, OKC @ UTA",20,5,195,4164,697,1714,272,787,183,230,94,557,458,156,32,250,305,1849,.407,.346,.796,21.4,9.5,2.9,2.3,0.8,0.2
67,Miles McBride,"Oct 22, '21, NYK @ ORL",21,5,247,4320,576,1423,305,842,137,178,104,383,441,177,34,110,338,1594,.405,.362,.770,17.5,6.5,1.6,1.8,0.7,0.1
68,Mac McClung,"Dec 29, '21, CHI vs. ATL",23,4,9,110,19,46,7,25,7,10,3,18,14,6,2,8,16,52,.413,.280,.700,12.2,5.8,2.0,1.6,0.7,0.2
69,Cameron McGriff,"Dec 27, '21, POR vs. DAL",24,1,3,46,5,14,2,6,2,2,6,15,3,0,1,0,7,14,.357,.333,1.000,15.3,4.7,5.0,1.0,0.0,0.3
70,JaQuori McLaughlin,"Nov 2, '21, DAL vs. MIA",24,1,4,11,0,2,0,1,0,0,0,0,2,0,0,0,1,0,.000,.000,,2.8,0.0,0.0,0.5,0.0,0.0
71,Davion Mitchell,"Oct 20, '21, SAC @ POR",23,5,315,7082,961,2158,322,930,182,264,109,573,1099,207,59,372,565,2426,.445,.346,.689,22.5,7.7,1.8,3.5,0.7,0.2
72,Evan Mobley,"Oct 20, '21, CLE @ MEM",20,5,283,9224,1865,3434,176,549,770,1118,641,2531,844,239,441,552,674,4676,.543,.321,.689,32.6,16.5,8.9,3.0,0.8,1.6
73,Moses Moody,"Oct 19, '21, GSW @ LAL",19,5,269,4573,683,1524,327,872,271,348,169,610,248,140,83,163,329,1964,.448,.375,.779,17.0,7.3,2.3,0.9,0.5,0.3
74,Xavier Moon,"Dec 27, '21, LAC vs. BRK",27,3,28,276,43,106,8,34,4,7,10,35,50,10,6,12,19,98,.406,.235,.571,9.9,3.5,1.3,1.8,0.4,0.2
75,Ade Murkey,"Dec 22, '21, SAC vs. LAC",24,1,1,1,0,0,0,0,0,0,0,0,0,0,0,0,0,0,,,,1.0,0.0,0.0,0.0,0.0,0.0
76,Trey Murphy III,"Oct 20, '21, NOP vs. PHI",21,5,265,7354,1247,2741,640,1672,590,671,219,1071,506,240,119,244,429,3724,.455,.383,.879,27.8,14.1,4.0,1.9,0.9,0.4
77,RJ Nembhard Jr.,"Oct 22, '21, CLE vs. CHO",22,1,14,63,6,18,0,2,3,4,3,7,12,1,0,3,2,15,.333,.000,.750,4.5,1.1,0.5,0.9,0.1,0.0
78,Daishen Nix,"Nov 29, '21, HOU vs. OKC",19,4,99,1238,117,329,53,184,44,74,26,138,181,51,7,121,83,331,.356,.288,.595,12.5,3.3,1.4,1.8,0.5,0.1
79,Eugene Omoruyi,"Oct 29, '21, DAL @ DEN",24,3,87,1056,184,400,39,137,85,128,80,203,65,55,8,55,155,492,.460,.285,.664,12.1,5.7,2.3,0.7,0.6,0.1
80,Jaysean Paige,"Jan 1, '22, DET vs. SAS",27,1,1,7,0,3,0,2,0,0,0,1,1,0,0,1,2,0,.000,.000,,7.0,0.0,1.0,1.0,0.0,0.0
,,,,,Totals,Totals,Totals,Totals,Totals,Totals,Totals,Totals,Totals,Totals,Totals,Totals,Totals,Totals,Totals,Totals,Shooting,Shooting,Shooting,Per Game,Per Game,Per Game,Per Game,Per Game,Per Game
Rk,Player,Debut,Age,Yrs,G,MP,FG,FGA,3P,3PA,FT,FTA,ORB,TRB,AST,STL,BLK,TOV,PF,PTS,FG%,3P%,FT%,MP,PTS,TRB,AST,STL,BLK
81,Trayvon Palmer,"Dec 29, '21, DET vs. NYK",27,1,1,17,0,1,0,0,0,0,0,2,0,0,0,1,2,0,.000,,,17.0,0.0,2.0,0.0,0.0,0.0
82,Kevin Pangos,"Oct 22, '21, CLE vs. CHO",29,1,24,166,15,46,6,26,3,4,2,11,30,3,0,7,11,39,.326,.231,.750,6.9,1.6,0.5,1.3,0.1,0.0
83,Jamorko Pickett,"Oct 23, '21, DET @ CHI",24,1,13,176,18,50,13,39,1,2,6,32,7,0,7,5,12,50,.360,.333,.500,13.5,3.8,2.5,0.5,0.0,0.5
84,Yves Pons,"Nov 12, '21, MEM vs. PHO",22,1,12,71,5,16,3,9,0,2,5,12,1,1,4,1,6,13,.313,.333,.000,5.9,1.1,1.0,0.1,0.1,0.3
85,Micah Potter,"Jan 1, '22, DET vs. SAS",23,4,64,974,91,201,44,128,25,30,60,232,41,20,21,39,73,251,.453,.344,.833,15.2,3.9,3.6,0.6,0.3,0.3
86,Myles Powell,"Dec 20, '21, PHI @ BOS",24,1,11,52,5,17,1,6,2,2,1,6,3,1,0,3,8,13,.294,.167,1.000,4.7,1.2,0.5,0.3,0.1,0.0
87,Joshua Primo,"Oct 20, '21, SAS vs. ORL",19,3,56,1068,111,299,45,150,51,68,35,127,99,21,26,72,87,318,.371,.300,.750,19.1,5.7,2.3,1.8,0.4,0.5
88,Trevelin Queen,"Dec 18, '21, HOU @ DET",24,4,62,739,92,247,36,133,36,42,44,107,66,45,21,43,63,256,.372,.271,.857,11.9,4.1,1.7,1.1,0.7,0.3
89,Neemias Queta,"Dec 17, '21, SAC vs. MEM",22,5,125,1712,282,452,0,6,93,135,207,521,98,43,95,73,230,657,.624,.000,.689,13.7,5.3,4.2,0.8,0.3,0.8
90,Austin Reaves,"Oct 22, '21, LAL vs. PHO",23,5,292,8873,1441,2993,524,1429,983,1138,204,1128,1287,225,87,531,529,4389,.481,.367,.864,30.4,15.0,3.9,4.4,0.8,0.3
91,Jeremiah Robinson-Earl,"Oct 20, '21, OKC @ UTA",21,5,206,3661,466,1067,167,496,141,176,304,905,208,107,37,131,259,1240,.437,.337,.801,17.8,6.0,4.4,1.0,0.5,0.2
92,Matt Ryan,"Apr 10, '22, BOS @ MEM",24,4,82,773,100,257,80,199,25,28,10,74,37,14,2,29,60,305,.389,.402,.893,9.4,3.7,0.9,0.5,0.2,0.0
93,Olivier Sarr,"Dec 28, '21, OKC @ SAC",22,3,46,633,84,150,16,43,39,51,56,160,25,7,27,29,87,223,.560,.372,.765,13.8,4.8,3.5,0.5,0.2,0.6
94,Jordan Schakel,"Dec 26, '21, WAS vs. PHI",23,2,6,36,2,13,2,7,2,2,2,8,1,2,0,1,1,8,.154,.286,1.000,6.0,1.3,1.3,0.2,0.3,0.0
95,Tre Scott,"Dec 22, '21, CLE @ BOS",25,1,2,11,3,6,0,1,0,0,1,2,0,1,1,0,2,6,.500,.000,,5.5,3.0,1.0,0.0,0.5,0.5
96,Alperen ÅengÃ¼n,"Oct 20, '21, HOU @ MIN",19,5,298,8543,1882,3651,119,413,976,1388,863,2570,1249,304,257,734,931,4859,.515,.288,.703,28.7,16.3,8.6,4.2,1.0,0.9
97,Day'Ron Sharpe,"Oct 24, '21, BRK vs. CHO",20,5,204,2978,547,986,26,90,210,323,521,1149,255,103,139,230,425,1330,.555,.289,.650,14.6,6.5,5.6,1.3,0.5,0.7
98,Marko Simonovic,"Nov 22, '21, CHI vs. IND",22,2,16,55,6,22,2,9,9,13,6,12,0,1,1,2,11,23,.273,.222,.692,3.4,1.4,0.8,0.0,0.1,0.1
99,Zavier Simpson,"Apr 5, '22, OKC vs. POR",24,2,11,335,36,106,6,25,8,9,6,41,55,12,7,20,26,86,.340,.240,.889,30.5,7.8,3.7,5.0,1.1,0.6
100,Jericho Sims,"Oct 20, '21, NYK vs. BOS",23,5,201,2657,209,293,0,1,51,86,295,773,108,45,90,100,278,469,.713,.000,.593,13.2,2.3,3.8,0.5,0.2,0.4
,,,,,Totals,Totals,Totals,Totals,Totals,Totals,Totals,Totals,Totals,Totals,Totals,Totals,Totals,Totals,Totals,Totals,Shooting,Shooting,Shooting,Per Game,Per Game,Per Game,Per Game,Per Game,Per Game
Rk,Player,Debut,Age,Yrs,G,MP,FG,FGA,3P,3PA,FT,FTA,ORB,TRB,AST,STL,BLK,TOV,PF,PTS,FG%,3P%,FT%,MP,PTS,TRB,AST,STL,BLK
101,Javonte Smart,"Dec 4, '21, MIL vs. MIA",22,2,18,201,19,60,8,27,5,6,5,24,16,6,3,11,12,51,.317,.296,.833,11.2,2.8,1.3,0.9,0.3,0.2
102,Xavier Sneed,"Dec 31, '21, MEM vs. SAS",24,2,13,87,7,20,4,14,4,4,2,11,6,0,1,3,9,22,.350,.286,1.000,6.7,1.7,0.8,0.5,0.0,0.1
103,Jaden Springer,"Oct 20, '21, PHI @ NOP",19,4,110,967,112,274,24,101,68,88,57,152,85,67,24,54,123,316,.409,.238,.773,8.8,2.9,1.4,0.8,0.6,0.2
104,Jalen Suggs,"Oct 20, '21, ORL @ SAS",20,5,222,5833,963,2276,355,1077,455,579,159,746,750,301,130,504,604,2736,.423,.330,.786,26.3,12.3,3.4,3.4,1.4,0.6
105,Craig Sword,"Dec 28, '21, WAS @ MIA",28,1,3,19,3,4,0,1,0,0,0,0,1,4,0,1,7,6,.750,.000,,6.3,2.0,0.0,0.3,1.3,0.0
106,Keifer Sykes,"Dec 29, '21, IND vs. CHO",28,1,32,566,69,190,27,90,15,17,8,45,62,12,4,33,51,180,.363,.300,.882,17.7,5.6,1.4,1.9,0.4,0.1
107,Terry Taylor,"Jan 5, '22, IND vs. BRK",22,4,98,1172,194,335,19,66,46,67,140,257,63,22,16,39,104,453,.579,.288,.687,12.0,4.6,2.6,0.6,0.2,0.2
108,Jon Teske,"Jan 3, '22, MEM @ BRK",24,1,3,8,0,1,0,0,0,2,0,2,1,1,0,0,1,0,.000,,.000,2.7,0.0,0.7,0.3,0.3,0.0
109,Cam Thomas,"Oct 19, '21, BRK @ MIL",20,5,223,5206,1197,2735,326,943,706,820,70,564,463,117,34,320,318,3426,.438,.346,.861,23.3,15.4,2.5,2.1,0.5,0.2
110,JT Thor,"Oct 22, '21, CHO @ CLE",19,4,185,2261,224,535,80,252,71,109,110,389,90,49,70,78,169,599,.419,.317,.651,12.2,3.2,2.1,0.5,0.3,0.4
111,Isaiah Todd,"Oct 25, '21, WAS @ BRK",20,2,18,135,10,45,5,26,4,8,5,24,8,5,2,6,8,29,.222,.192,.500,7.5,1.6,1.3,0.4,0.3,0.1
112,Franz Wagner,"Oct 20, '21, ORL @ SAS",20,5,306,9936,2176,4597,449,1390,1093,1280,309,1504,1124,313,107,591,701,5894,.473,.323,.854,32.5,19.3,4.9,3.7,1.0,0.3
113,Ish Wainright,"Nov 19, '21, PHO vs. DAL",27,3,116,1336,132,355,83,252,35,45,75,207,69,62,29,37,174,382,.372,.329,.778,11.5,3.3,1.8,0.6,0.5,0.3
114,M.J. Walker,"Dec 31, '21, PHO @ BOS",23,1,2,8,0,4,0,2,0,0,0,1,1,2,0,0,1,0,.000,.000,,4.0,0.0,0.5,0.5,1.0,0.0
115,Duane Washington Jr.,"Oct 29, '21, IND @ BRK",21,2,79,1362,267,683,121,326,62,85,6,119,148,32,7,91,89,717,.391,.371,.729,17.2,9.1,1.5,1.9,0.4,0.1
116,Lindy Waters III,"Feb 11, '22, OKC @ PHI",24,5,162,2100,287,718,217,591,30,38,49,305,131,65,37,48,162,821,.400,.367,.789,13.0,5.1,1.9,0.8,0.4,0.2
117,Trendon Watford,"Nov 14, '21, POR @ DEN",21,5,227,4033,686,1316,95,270,327,432,201,838,444,111,73,275,463,1794,.521,.352,.757,17.8,7.9,3.7,2.0,0.5,0.3
118,Joe Wieskamp,"Nov 10, '21, SAS vs. SAC",22,2,38,255,23,70,17,55,7,13,4,18,12,4,3,3,17,70,.329,.309,.538,6.7,1.8,0.5,0.3,0.1,0.1
119,Aaron Wiggins,"Nov 14, '21, OKC vs. BRK",23,5,283,5726,960,1916,307,785,257,325,269,902,388,189,69,243,415,2484,.501,.391,.791,20.2,8.8,3.2,1.4,0.7,0.2
120,Lindell Wigginton,"Jan 13, '22, MIL vs. GSW",23,3,29,294,46,103,15,46,29,46,3,32,37,5,3,25,25,136,.447,.326,.630,10.1,4.7,1.1,1.3,0.2,0.1
,,,,,Totals,Totals,Totals,Totals,Totals,Totals,Totals,Totals,Totals,Totals,Totals,Totals,Totals,Totals,Totals,Totals,Shooting,Shooting,Shooting,Per Game,Per Game,Per Game,Per Game,Per Game,Per Game
Rk,Player,Debut,Age,Yrs,G,MP,FG,FGA,3P,3PA,FT,FTA,ORB,TRB,AST,STL,BLK,TOV,PF,PTS,FG%,3P%,FT%,MP,PTS,TRB,AST,STL,BLK
121,Brandon Williams,"Dec 27, '21, POR vs. DAL",22,4,87,1512,273,639,63,212,171,227,42,179,229,71,18,128,111,780,.427,.297,.753,17.4,9.0,2.1,2.6,0.8,0.2
122,Ziaire Williams,"Oct 20, '21, MEM vs. CLE",20,5,225,4765,677,1615,284,901,247,303,146,707,267,158,60,221,435,1885,.419,.315,.815,21.2,8.4,3.1,1.2,0.7,0.3
123,McKinley Wright IV,"Oct 20, '21, MIN vs. HOU",23,2,32,354,48,101,10,30,13,19,9,47,61,8,5,20,25,119,.475,.333,.684,11.1,3.7,1.5,1.9,0.3,0.2
124,Moses Wright,"Dec 22, '21, LAC @ SAC",23,1,4,14,1,4,0,1,3,3,1,3,2,0,1,0,0,5,.250,.000,1.000,3.5,1.3,0.8,0.5,0.0,0.3
125,Gabe York,"Apr 9, '22, IND @ PHI",28,2,5,77,10,28,7,24,5,7,0,8,9,4,1,1,9,32,.357,.292,.714,15.4,6.4,1.6,1.8,0.8,0.2
126,Omer Yurtseven,"Oct 21, '21, MIA vs. MIL",23,3,113,1334,245,458,9,42,62,95,165,525,80,27,40,82,152,561,.535,.214,.653,11.8,5.0,4.6,0.7,0.2,0.4
